en_name,hex,fa_name,
Black,#000000,سیاه,
Blue,#0000ff,آبی,
Gold,#ffd700,طلایی,
White,#ffffff,سفید,
Red,#ff0000,قرمز,
Midnight Black,#03012d,سیاه نیمه شبی,
Silver,#c0c0c0,نقره‌ای,
Green,#00ff00,سبز,
Gray,#808080,خاکستری,
Rose Gold,#b76e79,صورتی طلایی,
Champagne Gold,#e8d6b3,زرد روشن طلایی,
Space Gray,#666666,خاکستری فضای,
Pearl White,#f3f2ed,سفید مرواریدی,
Sapphire Blue,#0067bc,آبی یاقوت کبودی,
Purple,#800080,بنفش,
Pink,#ffc0cb,صورتی,
Aurora Blue,#eddd59,شفق قطبی آبی,
Emerald Green,#046307,زمرد سبز,
Violet,#9a0eea,یاسی,
Ocean Blue,#009dc4,آبی اقیانوسی,
Midnight Blue,#020035,آبی نیمه شبی,
Orange,#ffa500,نارنجی,
Aurora,#eddd59,شفق قطبی,
Cloud White,#f2f2ed,سفید ابری,
Ceramic Black,#fcfff9,سرامیکی سیاه,
Dark Blue,#305679,آبی تاریکی,
Phantom Blue,#6e797b,آبی شبحی,
Magic Night Black,#656b78,سیاه شب جادویی‌ای,
Space Silver,#c0c0c0,نقره‌ای فضای,
Fine Gold,#ffd700,طلایی خوبی,
Phantom Black,#6e797b,سیاه شبحی,
Matte Black,#000000,سیاه ماتی,
Cosmic Purple,#b8b9cb,بنفش کیهانی‌ای,
Mint Green,#487d49,نعنایی سبز,
Quetzal Cyan,#0ff0fe,فیروزه‌ای کویتزالی,
Aurora Black,#eddd59,شفق قطبی سیاه,
Forest Green,#154406,جنگلی سبز,
New Aurora Black,#eddd59,شفق قطبی سیاه جدیدی,
Aurora Green,#6adc99,شفق قطبی سبز,
Light Blue,#add8e6,آبی سبکی,
Space Black,#505150,سیاه فضای,
Glacier White,#78b1bf,آبی یخچالی سفید,
Deepsea Black,0F144D,سیاه عمق دریای,
Twilight Blue,#0a437a,گرگ و میش آبی,
Prism Crush Black,#030208,سیاه منشور خرد کردنی,
Navy Blue,#0F295C,آبی آبی,
Breathing Crystal,#a7d8de,تنفس کریستالی,
Grey,#808080,خاکستری,
Blush Gold,#f29e8e,سرخ طلایی,
Onyx Black,#464544,سیاه عقیقی,
Gradient Blue,#0000ff,آبی شیبی,
Bordeaux Red,#6f2c4f,قرمز بوردوی,
Awesome White,#ffffff,سفید عالی‌ای,
Awesome Violet,#a7b2d4,یاسی عالی‌ای,
Awesome Black,#000000,سیاه عالی‌ای,
Awesome Blue,#0000ff,آبی عالی‌ای,
Just Black,#000000,سیاه فقطی,
Mystic Bronze,#d8ddda,برنزی عارفی,
Moroccan Blue,#0f4e67,آبی مراکشی‌ای,
Nebula Purple,#a104c3,سحابی بنفش,
New Moroccan Blue,#005B80,آبی مراکشی جدیدی,
Dark Gray,#1b2431,خاکستری تاریکی,
Prism Crush White,#aadccd,سفید منشور خرد کردنی,
Twilight,#4e518b,گرگ و میش,
Carbon Black,#333333,سیاه کربنی,
Ocean Green,#3d9973,سبز اقیانوسی,
Diamond Black,#2b303e,سیاه الماسی,
Aqua Blue,#79b6bc,آبی آبزی‌ای,
Coral Red,#ff4040,مرجانی قرمز,
Sky Blue,#9fb9e2,آسمانی آبی,
Carbon black,#333333,سیاه کربنی,
Obsidian Black,#445055,سیاه ابزیدینی,
Moonlight White,#f9f0de,سفید مهتابی,
Pink Gold,#ffc0cb,صورتی طلایی,
Sunlight Gold,#edd59e,طلایی نور خورشیدی,
Ocean Wave,#8ec5b6,موج اقیانوسی,
Rose Pink,#ff66cc,صورتی صورتی,
Cosmic Black,#b8b9cb,سیاه کیهانی‌ای,
Glacier blue,#a9c1c0,آبی یخچالی آبی,
Mystic Black,#1E1E1E,سیاه عارفی,
Ice White,#E1E7E4,یخی سفید,
Phantom Red,#A8151E,قرمز شبحی,
Coral Blue,#ff7f50,مرجانی آبی,
Ceramic White,#fcfff9,سرامیکی سفید,
Ice Blue,#739bd0,یخی آبی,
Steel,#797979,فولادی,
Mirror Black,#000000,سیاه آینه‌ای,
Platinum Grey,#6a6d6f,خاکستری پلاتینی,
Yellow,#ffff00,زرد,
Deep Sea Blue,#2a4b5a,آبی عمق دریای,
Mystic Silver,#d8ddda,نقره‌ای عارفی,
Jet Black,#2d2c2f,سیاه جتی,
blue,#0000ff,آبی,
Charcoal,#343837,زغال چوبی,
Ice Jadeite,#d6fffa,یخی یشمی,
Sky White,#76d6ff,آسمانی سفید,
Deep Indigo,#4c567a,نیلی عمیقی,
Dusk,#4e5481,غروبی,
Starry Black,#000000,سیاه ستاره داری,
Sunrise Orange,#f4bf77,طلوع خورشید نارنجی,
Marine Blue,#01386a,آبی دریایی‌ای,
Cosmic Grey,#b8b9cb,خاکستری کیهانی‌ای,
Crystal Blue,#68a0b0,آبی کریستالی,
Nebula Black,#a104c3,سحابی سیاه,
Lavender Violet,#767ba5,اسطوخودوسی یاسی,
Lake Green,#2e8b57,سبز دریاچه‌ای,
Iron Grey,#7c7f7c,اهن خاکستری,
City Blue,#0000ff,آبی شهری,
Prism Black,#aadccd,سیاه منشوری,
Prism Crush Blue,#aadccd,آبی منشور خرد کردنی,
Graphite Black,#262a2b,گرافیتی سیاه,
New Platinum Gray,#e5e4e2,خاکستری پلاتین جدیدی,
Neptune Blue,#2e5d9d,آبی نپتونی,
Clearly White,#ffffff,سفید به وضوحی,
Carbon Gray,#333333,خاکستری کربنی,
Dream White,#ffffff,سفید رویای,
Glacier Blue,#a9c1c0,آبی یخچالی آبی,
Sea Blue,#006994,آبی دریای,
Eclipse Black,#3f3939,سیاه گرفتگی‌ای,
Peacock Blue,#016795,آبی طاووسی,
Blazing Blue,#0000ff,آبی فروزانی,
Aura Red,#b2a8a1,قرمز هاله‌ای,
Twilight Gold,#4e518b,گرگ و میش طلایی,
Titanium,#807d7f,تیتانیومی,
Coral,#ff7f50,مرجانی,
Titanium Black,#807d7f,تیتانیومی سیاه,
Dark Grey,#363737,خاکستری تاریکی,
Comet Blue,#636373,آبی دنباله داری,
Prism Blue,#aadccd,آبی منشوری,
Glacier Grey,#c5c6c7,آبی یخچالی خاکستری,
Titanium Gray,#807d7f,تیتانیومی خاکستری,
Pink/Blue,#8EAFD4,صورتی / آبی‌ای,
Prism White,#aadccd,سفید منشوری,
Aurora Purple,#eddd59,شفق قطبی بنفش,
Terra Gold,#ffd700,طلایی کره زمینی,
Crush Green,#00ff00,سبز خرد کردنی,
Amber Sunrise,#ffbf00,طلوع خورشید کهربای,
Mystic White,#d8ddda,سفید عارفی,
Glacial Blue,#6E98C2,آبی یخبندانی,
Charm Red,#d0748b,قرمز افسونی,
Gradient Red,#ff0000,قرمز شیبی,
Midnight Grey,#666a6d,خاکستری نیمه شبی,
Coral Orange,#e4694c,مرجانی نارنجی,
gold,#ffd700,طلایی,
Tempered Blue,#0000ff,آبی معتدلی,
Fluid Black,#000000,سیاه مایعی,
Phantom Navy,#6e797b,آبی شبحی,
Lunar Silver,#c0c0c0,نقره‌ای قمری‌ای,
Gradient Black,#000000,سیاه شیبی,
Cloud Blue,#a2b6b9,آبی ابری,
Matte Gold,#ffd700,طلایی ماتی,
Meteor Silver,#bb7431,نقره‌ای شهاب سنگی,
Laser Blue,#c6a95e,آبی لیزری,
Frozen Blue,#a5c5d9,آبی منجمدی,
Blazing Red,#ff0000,قرمز فروزانی,
Brown,#653700,رنگ قهوه‌ای,
Twilight Black,#4e518b,گرگ و میش سیاه,
Midnight Gray,#03012d,خاکستری نیمه شبی,
Fjord,#616242,فیوردی,
Nebula Blue,#a104c3,سحابی آبی,
Moonlight Silver,#f6eed5,نقره‌ای مهتابی,
Arctic White,#e9eae7,سفید قطب شمالی,
Mocha Brown,#6b565e,رنگ قهوه‌ای موکای,
Diamond Blue,#cfe4ee,آبی الماسی,
Sandstone Black,#c9ae74,سیاه ماسه سنگی,
Jade Green,#779977,یشمی سبز,
Phantom White,#6e797b,سفید شبحی,
Aura Glow,#b2a8a1,درخشش هاله‌ای,
Red flame,#ff0000,قرمز شعله‌ای,
Orchid Gray,#7a81ff,خاکستری ارکیده‌ای,
Fancy Blue,#0000ff,آبی تفننی‌ای,
Stream White,#495e7b,سفید جریانی,
Moonlight Black,#f6eed5,سیاه مهتابی,
Navy,#01153e,آبی,
Silver Frost,#c0c0c0,نقره‌ای سرمای,
Icelandic Frost,#dae4ec,یخ زدگی ایسلندی‌ای,
Electric Black,#000000,سیاه برقی‌ای,
Aura Black,#b2a8a1,سیاه هاله‌ای,
Lunar White,#ffffff,سفید قمری‌ای,
Black Glare,#000000,سیاه تابش خیره کننده‌ای,
Ruby Red,#9b111e,قرمز یاقوت سرخی,
Solar Red,#fbeab8,قرمز خورشیدی‌ای,
black,#000000,سیاه,
Amber Red,#ffbf00,قرمز کهربای,
Brilliant Black,#0094a7,سیاه درخشانی,
Flame Red,#86282e,قرمز شعله‌ای,
Pearl Blue,#79b4c9,آبی مرواریدی,
Metallic Blue,#4f738e,آبی فلزی‌ای,
Graphite,#383428,گرافیتی,
Robin Egg Blue,#00BEBE,آبی تخم مرغ رابینی,
Phantom Silver,#6e797b,نقره‌ای شبحی,
Lavender,#b56edc,اسطوخودوسی,
Ultimate Black,#000000,سیاه نهایی‌ای,
Deep Blue,#040273,آبی عمیقی,
Burgundy Red,#900020,قرمز شرابی‌ای,
Iron Gray,#5e5e5e,اهن خاکستری,
Sand,#e2ca76,شنی,
Prism Crush Pink,#aadccd,صورتی منشور خرد کردنی,
Canary Yellow,#ffdf01,زرد قناری‌ای,
Prism Green,#aadccd,سبز منشوری,
Flame red,#86282e,قرمز شعله‌ای,
Magic Blue,#3e8baa,آبی شعبده بازيی,
Dynamic Black,#6d5160,سیاه پویای,
Flamingo Pink,#fc8eac,صورتی فلامینگوی,
Misty Grey,#cdd2d2,خاکستری مه آلودی,
Summer Honey,#ba9238,عزیزم تابستانی,
Diamond Red,#faf7e2,قرمز الماسی,
Dazzling Gold,#ffd700,طلایی خیره کننده‌ای,
Phantom Purple,#6e797b,بنفش شبحی,
Mystic Blue,#48a8d0,آبی عارفی,
Slate Grey,#59656d,سنگی خاکستری,
Deep Bleen,#739FE1,خونریزی عمیقی,
Copper,#b87333,مسی,
Titanium silver,#807d7f,تیتانیومی نقره‌ای,
Titanium White,#e4e4e4,تیتانیومی سفید,
Neon Blue,#04d9ff,آبی نئونی,
Prime Black,#000000,سیاه برتری,
Titan,#D3C29D,کرمی,
Cyan,#0ff0fe,فیروزه‌ای,
pink,#ffc0cb,صورتی,
Lake Blue,#008c96,آبی دریاچه‌ای,
Prism Crush Red,#aadccd,قرمز منشور خرد کردنی,
Vintage Bronze,#847592,برنزی پرنعمتی,
Metallic Red,#ff0000,قرمز فلزی‌ای,
Pacific Blue,#1ca9c9,آبی صلح جوی,
Super Black,#221100,سیاه فوق العاده‌ای,
Electric Blue,#7df9ff,آبی برقی‌ای,
Electric Purple,#bf00ff,بنفش برقی‌ای,
Space Blue,#0000ff,آبی فضای,
Carmine Red,#ff0038,قرمز کارمینی,
Crystal Purple,#a7d8de,بنفش کریستالی,
Luxurious Gold,#ffd700,طلایی مجللی,
Cloud Lavender,#b56edc,اسطوخودوسی ابری,
Lunar Gray,#91928D,خاکستری قمری‌ای,
Glossy Black,#110011,سیاه براقی,
Iris Purple,#5a4fcf,بنفش عنبیه‌ای,
Sakura Pink,#dfb1b6,صورتی ساکورای,
Shadow Gray,#837050,خاکستری سایه‌ای,
white,#ffffff,سفید,
Cloud Red,#ff0000,قرمز ابری,
Prism Crush Violet2,#aadccd,منشور خرد کردن بنفش 2ی,
Cobalt Blue,#0044B0,لاجوردی آبی,
Cyber Gray,#303231,خاکستری سایبری,
Mirror Grey,#808080,خاکستری آینه‌ای,
Phantom Violet,#6e797b,یاسی شبحی,
Steel Gray,#797979,فولادی خاکستری,
Glacier,#78b1bf,آبی یخچالی,
Frosted Silver,#c5c9c5,نقره‌ای ماتی,
Aura White,#dee2e4,سفید هاله‌ای,
Amber Brown,#a66646,رنگ قهوه‌ای کهربای,
Sunrise Gold,#f4bf77,طلوع خورشید طلایی,
Galactic Silver,#c0c0c0,نقره‌ای کهکشانی‌ای,
Deepsea Blue,#0000ff,آبی عمق دریای,
Power Blue,#0000ff,آبی قدرتی,
Plum,#5a315d,آلوی,
Aura Blue,#b2a8a1,آبی هاله‌ای,
Vengeance Red,#ff0000,قرمز انتقامی,
Armor Gray,#74857f,خاکستری زره پوشی,
Polar Night,#e5f2e7,قطبی شبی,
Elegant Blue,#0000ff,آبی ظریفی,
Oxford Blue,#002147,آبی آکسفوردی,
Almond,#eddcc8,بادامی,
Cloud Orange,#ffa500,نارنجی ابری,
Dark Night,#404b57,شب تاریکی,
Matte Space Gray,#2A2A2A,خاکستری فضای ماتی,
Classic Silver,#b9b9b4,نقره‌ای کلاسیکی,
Lilac Purple,#a183c0,بنفش بنفشه‌ای,
Onyx Gray,#464544,خاکستری عقیقی,
White/Iron,#C5C7C7,سفید / آهنی‌ای,
space grey,#110022,خاکستری فضای,
Matte Silver,#c0c0c0,نقره‌ای ماتی,
Flash gray,#8C8C8C,خاکستری فلاشی,
Interstellar Gray,#364049,خاکستری در میان ستارگانی,
Dynamic Orange,#6d5160,نارنجی پویای,
Charcoal Black,#343837,زغال چوبی سیاه,
Platinum Gray,#e5e4e2,خاکستری پلاتینی,
Vacation Blue,#0000ff,آبی تعطیلاتی,
Prism Crush Green,#aadccd,سبز منشور خرد کردنی,
Gloss Black,#000000,سیاه براق شدنی,
Matte Midnight Green,#03012d,سبز نیمه شب ماتی,
Piano Black,#17171a,سیاه پیانوی,
Interstellar Black,#000000,سیاه در میان ستارگانی,
Cherry Red,#f7022a,قرمز گیلاسی,
Power Silver,#c0c0c0,نقره‌ای قدرتی,
Icelandic frost,#dae4ec,یخ زدگی ایسلندی‌ای,
Anthracite,#28282d,زغالی,
Gradient,#ffffff,شیبی,
Cloud Navy,#01153e,آبی ابری,
Cloud Mint,#3eb489,نعنایی ابری,
Prism Cube Black,#aadccd,سیاه مکعب منشوری‌ای,
Polar White,#e6efec,قطبی سفید,
Starry Blue,#0000ff,آبی ستاره داری,
Lily White,#f0e7d3,سفید زنبقی,
Fantasy White,#f2e6dd,سفید خیالی‌ای,
Phantom Green,#dce4d7,سبز شبحی,
Glacier Gray,#78b1bf,آبی یخچالی خاکستری,
Mist Blue,#0000ff,آبی غباری,
Crystal Green,#a4d579,سبز کریستالی,
Moss Green,#638b27,سبز خزه‌ای,
Alpine White,#ad8a3b,سفید آلپی,
Spectrum Black,#000000,سیاه طیفی,
Flash Gray,#b9b9b4,خاکستری فلاشی,
Galactic Blue,#294978,آبی کهکشانی‌ای,
Navy Black,#263032,آبی سیاه,
Maple Gold,#b88e72,طلایی افرای,
Mint,#3eb489,نعنایی,
Mocha Gold,#9d7651,طلایی موکای,
Polar Silver,#e5f2e7,قطبی نقره‌ای,
Cool Blue,#4984b8,آبی سردی,
Carbon Gray (Midnight Black),#333333,خاکستری کربن (سیاه نیمه شب)ی,
Black/Copper,#000000,سیاه / مسی‌ای,
Victory Blue,#3a405a,آبی پیروزی‌ای,
Comet White,#636373,سفید دنباله داری,
Nebula,#a104c3,سحابی,
Neon purple,#bc13fe,بنفش نئونی,
Steam white,#e8e9e5,سفید بخاری,
Metallic Gold,#d4af37,طلایی فلزی‌ای,
Sky Blue (Sea Blue),#76d6ff,آسمانی آبی (آبی دریا)ی,
Mist White,#ffffff,سفید غباری,
Glory Silver,#c0c0c0,نقره‌ای جلالی,
orchid grey,#5e5871,خاکستری ارکیده‌ای,
Mirror Blue,#0000ff,آبی آینه‌ای,
Galaxy Silver,#c0c0c0,نقره‌ای کهکشانی,
Spectrum Blue,#3d3c7c,آبی طیفی,
Smoke Blue,#6688bb,آبی دودی,
Fascinating Purple,#800080,بنفش شگفت انگیزی,
Ocean Green (Nature Green),#005493,سبز اقیانوس (طبیعت سبز)ی,
Platinum Gold,#e5e4e2,طلایی پلاتینی,
Metallic Black,#000000,سیاه فلزی‌ای,
Champagne,#e9d2ac,زرد روشن,
Warm Silver,#c0c0c0,نقره‌ای گرمی,
Punk Blue,#0000ff,آبی پانکی,
Lunar Red,#ff0000,قرمز قمری‌ای,
Aurora White,#eddd59,شفق قطبی سفید,
Cardinal Red,#9b365e,قرمز اصلی‌ای,
Spark Orange,#ffa500,نارنجی جرقه‌ای,
Lavender Purple,#967bb6,اسطوخودوسی بنفش,
Astro White,#ffffff,سفید astroی,
Steel Blue,#4682b4,فولادی آبی,
Poco Yellow,#ffff00,زرد پوکوی,
Starry Night,#286492,شب پر ستاره‌ای,
Starlight Blue,#b5ced4,آبی نور ستاره‌ای,
Dazzling Blue,#3850a0,آبی خیره کننده‌ای,
Dazzling White,#ffffff,سفید خیره کننده‌ای,
Marble Green,#8f9f97,سبز سنگ مرمری,
Aurora Gray,#eddd59,شفق قطبی خاکستری,
Bubblegum Pink,#f6b0ba,صورتی آدامس بادکنکی‌ای,
Crush Blue,#0000ff,آبی خرد کردنی,
Aurora Purple - EuropeStar Purple,#eddd59,شفق قطبی بنفش بنفش - یوروپستاری,
Ice Jadelite,#d6fffa,یخی ژادلیتی,
Flourite Purple,#800080,بنفش آردی,
Gray Master Edition,#3a4b61,خاکستری نسخه اصلی‌ای,
Luminous Black,#000000,سیاه نورانی‌ای,
Power Black,#000000,سیاه قدرتی,
Cloud Pink,#f5d1c8,صورتی ابری,
Volcano Grey shade,#4e2728,خاکستری سایه آتشفشانی,
Red Master Edition,#ff0000,قرمز نسخه اصلی‌ای,
Royal Purple,#4b006e,بنفش سلطنتی‌ای,
Forbidden City Blue,#0000ff,آبی شهر ممنوعه‌ای,
Tropical Green,#17806d,سبز گرمسیری‌ای,
Royal Blue,#4169e1,آبی سلطنتی‌ای,
Chrome Silver,#c0c0c0,نقره‌ای کرومی,
Magnet Black,#4d4b4f,سیاه آهن ربای,
Aurora Silver,#eddd59,شفق قطبی نقره‌ای,
Laser Gray,#c6a95e,خاکستری لیزری,
Jewelry White,#ffffff,سفید جواهر سازی‌ای,
Pink Mist,#e6bccd,صورتی غباری,
Lemonade Blue,#f0e79d,آبی آبلیموی,
Matte Blue,#8fb0ce,آبی ماتی,
Greenery,#88b04b,سرسبزی‌ای,
Raspberry Rose,#b3436c,صورتی تمشکی,
Cocktail Orange,#ffa500,نارنجی کوکتلی,
Magic Black,#656b78,سیاه شعبده بازيی,
Glacial Green,#6fb7a8,سبز یخبندانی,
Chroma White,#ffffff,سفید رنگی,
Rouge Red,#e24666,قرمز رژ گونه‌ای,
Metallic Cherry,#cf0234,گیلاس فلزی‌ای,
Lightening Black,#000000,سیاه سبک شدنی,
Seawater Blue,#0000ff,آبی آب دریای,
Mercury Silver,#ebebeb,نقره‌ای سیاره تیری,
Glacier Silver,#78b1bf,آبی یخچالی نقره‌ای,
Metal Black,#babfbc,سیاه فلزی,
Atlantic Blue,#008997,آبی آتلانتیکی,
Rust Red,#aa2704,قرمز زنگی,
Mist Pink,#ffc0cb,صورتی غباری,
Ice Jade White,#d6fffa,یخی یشمی سفید,
Laser Green,#c6a95e,سبز لیزری,
Cloud Silver,#c0c0c0,نقره‌ای ابری,
Venom Black,#a9a52a,سیاه زهری,
Horizon Blue,#289dbe,آبی افقی,
Dark Purple,#35063e,بنفش تاریکی,
Caviar Black,#533e39,سیاه خاویاری,
Amazing Silver,#c0c0c0,نقره‌ای حیرت آوری,
Icelandic White,#dae4ec,سفید ایسلندی‌ای,
Night Black,#312f36,سیاه شبی,
Comet Black,#636373,سیاه دنباله داری,
Starry Purple,#800080,بنفش ستاره داری,
Ice,#d6fffa,یخی,
Unicorn White,#ffffff,سفید اسب تک شاخی,
Night Sky,#2a2a35,آسمانی شبی,
Space Grey,#110022,خاکستری فضای,
Mystery White,#a4cdcc,سفید رمز و رازی,
Polar,#e5f2e7,قطبی,
Celestial Black,#006380,سیاه آسمانی‌ای,
Oh So Orange,#ffa500,نارنجی اوه پسی,
Bead White - China,#ffffff,سفید مهره - چینی,
Twilight Orange,#4e518b,گرگ و میش نارنجی,
Volcanic Gray,#a55749,خاکستری آتشفشانی‌ای,
Rainbow,#f6bfbc,رنگين كمانی,
Misty Lavender,#dbd9e1,اسطوخودوسی مه آلودی,
Transparent Black,#000000,سیاه شفافی,
Sparkling White,#ffffff,سفید درخشانی,
Cosmetic Pink,#ffc0cb,صورتی لوازم آرایشی‌ای,
Sunrise Red,#f4bf77,طلوع خورشید قرمز,
Moonlight white,#f9f0de,سفید مهتابی,
Moonlight Jade,#c7e5df,یشمی مهتابی,
Extreme Night Black,#536078,سیاه شب شدیدی,
Midsummer Purple,#f6d9a9,بنفش نیمه تابستانی,
Night black,#312f36,سیاه شبی,
Phantom Pink,#6e797b,صورتی شبحی,
Gradient red,#ff0000,قرمز شیبی,
Not Pink,#ffc0cb,صورتی نه‌ای,
Sunset Purple,#6f456e,بنفش غروب آفتابی,
Sunrise,#f4bf77,طلوع خورشید,
Midnight Green,#004953,سبز نیمه شبی,
Galaxy Black,#000000,سیاه کهکشانی,
Charm Sea Blue,#d0748b,آبی جذابیت دریای,
Modern Black,#000000,سیاه نوینی,
Seagull Silver,#e0ded8,نقره‌ای مرغ دریایی‌ای,
Interstellar Glow,#f9f2da,درخشش بین ستاره ای‌ای,
Fantasy forest,#f2e6dd,جنگلی خیالی‌ای,
Dawn Blue,#cacccb,آبی سپیده دمی,
Radiant Blue,#0000ff,آبی درخشانی,
Shiny Gold,#ae9f65,طلایی براقی,
Bolivia Blue,#0000ff,آبی بولیوی‌ای,
Midnight Magenta,#03012d,ارغوانی نیمه شبی,
Surfing Blue,#0000ff,آبی موج سواری‌ای,
Nighttime Blue,#0000ff,آبی شبی,
Seashell White,#fff5ee,سفید صدف دریایی‌ای,
Polar sunshine,#e5f2e7,قطبی آفتابی,
Iron,#5e5e5e,اهن,
Prism Cube Sliver,#aadccd,خلال مکعب منشوری‌ای,
Brave Blue,#0000ff,آبی شجاعی,
Titanium Grey,#545b62,تیتانیومی خاکستری,
Morning blue,#8da399,آبی صبحی,
Ocean,#005493,اقیانوسی,
Metallic Sage,#87ae73,حکیم فلزی‌ای,
Twilight Grey,#d1d6d6,گرگ و میش خاکستری,
Streamer Gold,#ffd700,طلایی پخش جریانی‌ای,
Magic night black,#656b78,سیاه شب جادویی‌ای,
Baltic sea blue,#279d9f,آبی دریای بالتیکی,
Blue Soda,#0000ff,آبی جوش شیرینی,
Primrose Gold,#d6859f,طلایی گل پامچالی,
Moon Rock Grey,#5a4d41,خاکستری سنگ ماه‌ای,
Aerolite Black (Mystic Black),#000000,سیاه آئرولیت (عرفانی سیاه)ی,
Rosso Red,#ff0000,قرمز روزوی,
Star Silver,#ffe500,نقره‌ای ستاره‌ای,
Mighty Black,#000000,سیاه توانای,
Slate,#516572,سنگی,
Not just Blue,#0000ff,آبی نه فقطی,
Fairy White,#ded4d8,سفید پری‌ای,
Astral Blue,#376f89,آبی اختری‌ای,
Frost Blue,#5d9aa6,آبی سرمای,
Seagull Gray,#e0ded8,خاکستری مرغ دریایی‌ای,
Silver Green,#d7d7c7,نقره‌ای سبز,
Beach Gold,#ffd700,طلایی ساحل دریای,
Lightning Black,#000000,سیاه رعد و برقی,
Prism Cube Blue,#aadccd,آبی مکعب منشوری‌ای,
Gem Blue,#4d5b8a,آبی گوهری,
Two Shades of Black,#000000,سیاه دو سایه ازی,
Bubblegum Blue,#ea738d,آبی آدامس بادکنکی‌ای,
Sand Gold,#e2ca76,شنی طلایی,
Black Titan,#000000,سیاه کرمی,
Elegant Black,#000000,سیاه ظریفی,
Glazed Black,#000000,سیاه لعاب داری,
red,#ff0000,قرمز,
Classic Blue,#0f4c81,آبی کلاسیکی,
Electric purple,#bf00ff,بنفش برقی‌ای,
Starlight Black,#bcc0cc,سیاه نور ستاره‌ای,
Titanium Silver,#807d7f,تیتانیومی نقره‌ای,
Polar Blue,#b3e0e7,قطبی آبی,
Metallic White,#ffffff,سفید فلزی‌ای,
Aquamarine Green,#2ee8bb,سبز آکوامارینی,
Crystal gray,#a7d8de,خاکستری کریستالی,
Solar Black,#fbeab8,سیاه خورشیدی‌ای,
Phantom Black (Dark Pearl),#6e797b,سیاه فانتوم (مروارید تیره)ی,
Iceberg Grey,#dae4ee,خاکستری کوه یخی,
Crystal Black,#a7d8de,سیاه کریستالی,
Red Tea Orange,#ff0000,قرمز نارنجی چای‌ای,
Shadow Black,#837050,سیاه سایه‌ای,
Skyline White,#959eb7,سفید خط افقی,
Special Edition Blue,#0000ff,آبی ویرایش ویژه‌ای,
Stellar Black,#46647e,سیاه ستاره ای‌ای,
Cosmo Blue,#0000ff,آبی کیهانی,
Shimmer Gold,#88c7e9,طلایی لرزانی,
Prism Dot White,#aadccd,سفید نقطه منشوری,
Interstellar blue,#001155,آبی در میان ستارگانی,
Palm gold,#afaf5e,طلایی نخلی,
Chameleon Blue,#b6a063,آبی آفتابپرستی,
Fantasy Purple,#f2e6dd,بنفش خیالی‌ای,
Cosmic Blue,#93c3cb,آبی کیهانی‌ای,
Auroral Blue,#0000ff,آبی شفقی,
Provence,#658dc6,منشأی,
Sky,#76d6ff,آسمانی,
Raven Black,#3d3d3d,سیاه کلاغ سیاه‌ای,
Out Of The Blue,#1199ee,آبی بیرون ازی,
Indigo Blue,#3a18b1,نیلی آبی,
Solstice Grey,#babdb8,خاکستری انقلابی,
Lightning Purple,#800080,بنفش رعد و برقی,
Forest,#0b5509,جنگلی,
Cyan Green,#0ff0fe,فیروزه‌ای سبز,
Sakura Powder,#dfb1b6,پودر ساکورای,
Citrus Yellow,#d7c275,زرد مرکباتی,
Diamond Ruby,#faf7e2,یاقوت الماسی,
Cyber Silver,#c0c0c0,نقره‌ای سایبری,
Pebble White,#9d9880,سفید سنگریزه‌ای,
Fluorite Purple,#800080,بنفش فلوریتی,
Metallic Rose,#ff007f,صورتی فلزی‌ای,
Nebula Red,#a104c3,سحابی قرمز,
Morandi Green,#00ff00,سبز موراندی‌ای,
Shadow Black (Onyx Gray),#837050,سیاه سایه (خاکستری اونیکس)ی,
Phantom Titanium,#6e797b,تیتانیومی شبحی,
Electric Green,#21fc0d,سبز برقی‌ای,
Morning White,#ffffff,سفید صبحی,
Twilight Silver,#4e518b,گرگ و میش نقره‌ای,
Diamond Sapphire,#faf7e2,یاقوت کبود الماسی,
Black Mirror,#000000,سیاه آینه‌ای,
Glossy silver,#c0c0c0,نقره‌ای براقی,
Sunset Red,#7f5158,قرمز غروب آفتابی,
Scarlet Red,#b63e36,قرمز قرمز مایل به قرمزی,
Light Speed Silver,#c0c0c0,نقره‌ای سرعت نوری,
Lightning Blue,#0000ff,آبی رعد و برقی,
Light Green,#76ff7b,سبز سبکی,
Shiny Blue,#0000ff,آبی براقی,
Peach Pink,#ff9a8a,صورتی هلوی,
Pure Black,#595652,سیاه خالصی,
Cosmic Gray,#b8b9cb,خاکستری کیهانی‌ای,
Tan,#d1b26f,برنزه‌ای,
Gulf Blue,#343f5c,آبی خلیجی,
Mystic Gray,#d8ddda,خاکستری عارفی,
Agate Green,#599f99,سبز عقیقی,
Classy White,#aeacad,سفید درجه یکی,
Platinum Light Gold,#e5e4e2,طلایی نور پلاتینی,
Sterling Blue,#a2b9c2,آبی استرلینگی,
Coral Green,#abe2cf,مرجانی سبز,
Ceramic,#fcfff9,سرامیکی,
Atlantis Blue,#336172,آبی آتلانتیسی,
Thunder Black,#4d4d4b,سیاه رعد و برقی,
Pastel Sky,#76d6ff,آسمانی پاستلی,
Lightning Orange,#ffa500,نارنجی رعد و برقی,
Lunar Grey,#808080,خاکستری قمری‌ای,
Glacier white,#78b1bf,آبی یخچالی سفید,
Mystic Red,#ff5500,قرمز عارفی,
Polaris Blue,#6f8a8c,آبی قطبی‌ای,
Green Tea,#b5b68f,سبز چای‌ای,
Glazing Blue,#0000ff,آبی لعابی,
Prism Dot Gray,#aadccd,خاکستری نقطه منشوری,
Green and Greener,#00ff00,سبز و سبزتری,
Cyber Black,#000000,سیاه سایبری,
Saphire Blue,#0000ff,آبی سفیری,
Pastel White,#ffffff,سفید پاستلی,
Shark Grey,#cadcde,خاکستری کوسه‌ای,
Aurora Red,#b93a32,شفق قطبی قرمز,
Mystic Lilac,#d8ddda,یاس بنفش عرفانی‌ای,
Moonshadow Grey,#9845b0,خاکستری سایه ی ماه‌ای,
Snow,#fffafa,برفی,
Magic Nightfall,#656b78,شب جادویی‌ای,
Astro Black,#000000,سیاه astroی,
Peach Gold,#ffb07c,طلایی هلوی,
Aurora blue,#eddd59,شفق قطبی آبی,
Ambitious Black,#000000,سیاه بلند پروازانه‌ای,
Emerald,#028f1e,زمرد,
Graphite Gray,#383428,گرافیتی خاکستری,
Science Blue,#0076cc,آبی علوم پایه‌ای,
Twilight Forest,#54574f,گرگ و میش جنگلی,
Opal Black,#aee0e4,سیاه عقیقی,
Storm White,#444400,سفید طوفانی,
Aether Black,#000000,سیاه اتری,
Morning Mist,#e5edf1,غبار صبحگاهی‌ای,
Sea Green,#53fca1,سبز دریای,
Gem Red,#4d5b8a,قرمز گوهری,
Aqua Green (Lake Green),#00ffff,سبز آبی (سبز دریاچه)ی,
Prism Dot Black,#aadccd,سیاه نقطه منشوری,
Jewelry Black,#000000,سیاه جواهر سازی‌ای,
Blue Marble,#6594bc,آبی سنگ مرمری,
Airy blue,#88ccee,آبی هوایی‌ای,
Fiery Gold,#ffd700,طلایی آتشینی,
Aegean Blue,#4e6e81,آبی دریای اژه‌ای,
Onyx Black (128/6GB only),#464544,سیاه عقیق (فقط 128/6 گیگابایت)ی,
Azure Silver,#007fff,لاجوردی نقره‌ای,
Thunder Purple,#4d4d4b,بنفش رعد و برقی,
Silver White,#c0c0c0,نقره‌ای سفید,
Electric Violet,#8f00f1,یاسی برقی‌ای,
Frost White (Pebble White),#e1e4c5,سفید سرما (سنگریزه سفید)ی,
Fantastic Purple,#800080,بنفش خارق العاده‌ای,
Dark Red,#840000,قرمز تاریکی,
Icelandic white,#dae4ec,سفید ایسلندی‌ای,
White story,#ffffff,سفید داستانی,
Phantom Brown,#6e797b,رنگ قهوه‌ای شبحی,
Sky blue,#9fb9e2,آسمانی آبی,
Butterfly Feather Red,#cadea5,قرمز پر پروانه‌ای,
Matrix Purple,#8e4d45,بنفش ماتریسی,
Lightning Red,#ff0000,قرمز رعد و برقی,
Anthracite Black,#28282d,زغالی سیاه,
Starscape Blue,#0000ff,آبی ستاره ستارگانی,
Iridescent (Fantasy),#3a5b52,رنگین کمانی (فانتزی)ی,
Acacia red,#dacd65,قرمز اقاقیای,
Grass Green,#3f9b0b,سبز چمنی,
Fiery Red,#d01c1f,قرمز آتشینی,
Champagn Gold,#ffd700,طلایی شامپاینی,
Metal Bronze,#babfbc,برنزی فلزی,
Truffle Black,#000000,سیاه ترافلی,
Mystic Green,#d8f878,سبز عارفی,
Gray Onyx (Gray Ash),#464544,خاکستری عقیق (خاکستر خاکستری)ی,
Nitro Blue,#0000ff,آبی نیتروی,
Platinum Silver,#e5e4e2,نقره‌ای پلاتینی,
Gradient Bronze,#a87900,برنزی شیبی,
Azure Blue,#4d91c6,لاجوردی آبی,
Seabed Blue,#0000ff,آبی بستر دریای,
Arctic Blue,#95d6dc,آبی قطب شمالی,
Iced Violet,#9a0eea,یاسی یخ زده‌ای,
Mystery Black,#a4cdcc,سیاه رمز و رازی,
Phoenix Red,#e2725b,قرمز ققنوسی,
Ice Platinum,#d6fffa,یخی پلاتینی,
Knight Black,#000000,سیاه شوالیه‌ای,
White Milk,#ffffff,سفید شیری,
Aurora Grey,#d3c5c4,شفق قطبی خاکستری,
Silky White,#eeebe2,سفید ابریشمی‌ای,
Opal White,#aee0e4,سفید عقیقی,
Polished Graphite,#ded8ce,گرافیتی صیقل خورده‌ای,
Prism Crush Silver,#aadccd,نقره‌ای منشور خرد کردنی,
Classy Blue,#aeacad,آبی درجه یکی,
Mica Green,#00ff00,سبز میکای,
Boba Black,#000000,سیاه بوبای,
More than White,#ffffff,سفید بیشتر ازی,
Streamer Purple,#800080,بنفش پخش جریانی‌ای,
Matt White,#ffffd4,سفید ماتی,
Slate Blue,#5b7c99,سنگی آبی,
Blue Breeze,#0000ff,آبی نسیمی,
Fusion Green,#b0ae26,سبز ذوبی,
Cherry Black,#422329,سیاه گیلاسی,
Tahiti Blue,#0000ff,آبی تاهیتی‌ای,
Daybreak Black,#8981a0,سیاه طلوع روزی,
Jasmine White,#fff4bb,سفید یاسی,
Cross Black,#000000,سیاه صلیبی,
Morpheus Blue,#0000ff,آبی مورفئوسی,
Mirror Silver,#c0c0c0,نقره‌ای آینه‌ای,
Platinum gold,#e5e4e2,طلایی پلاتینی,
Lime,#aaff32,اهکی,
Speed Purple,#800080,بنفش سرعتی,
Polished Copper,#b66325,مسی صیقل خورده‌ای,
Summer Mojito,#e4f3e0,موهیتو تابستانی‌ای,
Purplish Red,#b0054b,قرمز ارغوانی‌ای,
Mariana Blue,#0000ff,آبی ماریانای,
Aura Pink,#b2a8a1,صورتی هاله‌ای,
Star Can Blue,#ffe500,آبی ستاره می تواندی,
Night Blue (Anthracite Blue),#0000ff,آبی شب (آنتراسیت آبی)ی,
Mystery Blue,#a4cdcc,آبی رمز و رازی,
Metallic Copper,#6e3d34,مسی فلزی‌ای,
Lava Red,#cf1020,قرمز گدازه‌ای,
Ultramarine Blue,#657abb,آبی اولترا مارینی,
Fusion Blue,#b0ae26,آبی ذوبی,
Ash Pink,#998e91,صورتی خاکستری,
Dazzle Black,#5287b9,سیاه خیره کردنی,
Illusion Sunset,#ef95ae,غروب آفتاب توهمی,
Quetzal cyan,#0ff0fe,فیروزه‌ای کویتزالی,
Blue (EU,#0000ff,آبی (اتحادیه اروپای,
Rose,#ff007f,صورتی,
Water Gray,#d4f1f9,خاکستری ابی,
Majestic Black,#5d4250,سیاه با شکوه‌ای,
Sunshine Yellow,#fffd37,زرد آفتابی,
Silver 46mm,#c0c0c0,نقره‌ای 46 میلی متری,
Hot Red,#ac4362,قرمز داغی,
Meteor Gray,#bb7431,خاکستری شهاب سنگی,
Daybreak Purple,#8981a0,بنفش طلوع روزی,
Prussian Blue,#003366,آبی پروسی‌ای,
Iridescent Sky,#3a5b52,آسمانی رنگین کمانی‌ای,
Nordic Blue,#1d393c,آبی نوردیکی,
Punk Black,#000000,سیاه پانکی,
Sky Cloud Black,#76d6ff,آسمانی سیاه ابری,
Pink Sand,#dfb19b,صورتی شنی,
Nuit Black,#000000,سیاه نوی,
Translucent Blue,#0000ff,آبی نیمه شفافی,
Translucent Black,#000000,سیاه نیمه شفافی,
Stardust Blue,#ddd3ae,آبی ستاره زایی‌ای,
Fantasy Pink,#f2e6dd,صورتی خیالی‌ای,
Deep Silver,#c0c0c0,نقره‌ای عمیقی,
Cherry red,#f7022a,قرمز گیلاسی,
Warm Red,#ff0000,قرمز گرمی,
Galaxy Blue,#2a4b7c,آبی کهکشانی,
Frosted Black,#000000,سیاه ماتی,
Charcoal Grey,#6e6969,زغال چوبی خاکستری,
Pink/Navy Black,#000000,سیاه صورتی / سرمه ای‌ای,
Marine Green,#40a48e,سبز دریایی‌ای,
Player Edition Black,#000000,سیاه نسخه پخش کننده‌ای,
Supernova,#fff8d9,ابرنواختری,
Golden,#f5bf03,طلایی,
Rose Blush,#ff007f,صورتی سرخ,
Smoke Black,#bfc8c3,سیاه دودی,
Leather Gray,#906a54,خاکستری چرمی,
Champagne gold,#e8d6b3,زرد روشن طلایی,
Elektric Blue,#0000ff,آبی برقی,
Iridescent Ocean,#3a5b52,اقیانوس رنگین کمانی‌ای,
So White,#ffffff,سفید بنابراینی,
Sheer Gold,#ffd700,طلایی خالص، نابی,
Infinite Blue,#0000ff,آبی بي نهايتی,
Starry Night Grey,#808080,خاکستری شب پر ستاره‌ای,
Star Purple,#ffe500,بنفش ستاره‌ای,
Deep Ocean Blue,#005493,آبی اقیانوس عمیقی,
Bright Cherry,#cf0234,گیلاس روشنی,
Twilight Purple,#66648b,گرگ و میش بنفش,
Mystic indigo,#d8ddda,نیلی عارفی,
Charming Red,#ff0000,قرمز جذابی,
Cosmos Black,#fcd5cf,سیاه کیهانی,
Ice Flame Blue,#d6fffa,یخی آبی شعله‌ای,
Spectrum Gold - LATAM,#ffd700,طلایی طیف - لاتامی,
Cool Black,#002e63,سیاه سردی,
Luna Blue,#0000ff,آبی لونای,
Nimbus Blue,#4422ff,آبی نیمبوسی,
Snow White,#eeffee,سفید برفی,
Metallic Gold - EU/MEASpectrum Black,#ffd700,طلایی سیاه فلزی - eu / largepectrumی,
Onyx Grey,#464544,خاکستری عقیقی,
Ambient Blue,#0000ff,آبی محیطی‌ای,
Flowing Silver,#c0c0c0,نقره‌ای جاری‌ای,
Magic Green,#656b78,سبز شعبده بازيی,
Hillier Purple,#800080,بنفش تپه تری,
Dream Blue,#d7e6ee,آبی رویای,
Arctic Silver,#648589,نقره‌ای قطب شمالی,
Ice Silver,#d6fffa,یخی نقره‌ای,
Dazzling Black,#000000,سیاه خیره کننده‌ای,
Sunrise Flare,#f4bf77,طلوع خورشید شعله ور شدنی,
Aqua Green,#12e193,سبز آبزی‌ای,
Haze Blue,#b7c0be,آبی مه‌ای,
Alpenglow Gold,#f0beb8,طلایی فلق و شفقی,
Galaxy White,#ffffff,سفید کهکشانی,
Prism Cube Pink,#aadccd,صورتی مکعب منشوری‌ای,
Pitch Black,#483c41,سیاه گام صدای,
Jungle Green,#048243,سبز جنگلی,
Polished Blue,#ded8ce,آبی صیقل خورده‌ای,
Slate Black,#4b3d33,سنگی سیاه,
Frosted Purple,#800080,بنفش ماتی,
Mirage Blue,#636c77,آبی سرابی,
Rose Gold Beach,#ff007f,صورتی طلایی ساحل دریای,
Glamor Red,#ff0000,قرمز زرق و برقی,
Silver Blue,#8a9a9a,نقره‌ای آبی,
Blue (64/6GB),#0000ff,آبی (64/6 گیگابایت)ی,
Baltic Blue (Mist Blue),#279d9f,آبی بالتیک (آبی غبار)ی,
Neon Purple,#bc13fe,بنفش نئونی,
Blue Water Emerald,#0000ff,آبی زمرد ابی,
Oxford Gray,#b1bbc5,خاکستری آکسفوردی,
Capri Blue,#00bfff,آبی کاپری‌ای,
New Maroccan Blue,#0000ff,آبی مراکشی جدیدی,
Tungsten Black,#b5ac9f,سیاه تنگستنی,
Satin Coral,#ff7f50,مرجانی ساتنی,
Gloss midnight blue,#03012d,آبی نیمه شب براقی,
Infinite Black,#000000,سیاه بي نهايتی,
twilight purple,#66648b,گرگ و میش بنفش,
Berry Blue,#32607a,آبی توتی,
Space Purple,#800080,بنفش فضای,
Milky Way Gray,#e2dcd4,خاکستری راه شیری‌ای,
Brick Red,#8f1402,قرمز آجری,
Illuminating Yellow,#eeee77,زرد نورانی‌ای,
Pepper Grey,#808080,خاکستری فلفلی,
Thunder Blue,#4d4d4b,آبی رعد و برقی,
Glaze White,#eae1df,سفید لعابی,
Neo Mint,#aaffcc,نعنایی نئوی,
White Ceramic,#ffffff,سفید سرامیکی,
Fancy White,#ffffff,سفید تفننی‌ای,
Pure White,#f8f8f2,سفید خالصی,
Turquoise Dream,#06c2ac,فیروزه‌ای رویای,
Phantom Gold,#6e797b,طلایی شبحی,
Love Orange,#ffa500,نارنجی عشقی,
Laser Black,#c6a95e,سیاه لیزری,
Angora Blue,#b9c6d8,آبی آنگورای,
Dark Night Black,#1b2431,سیاه شب تاریکی,
Bronze,#a87900,برنزی,
Starry Night Blue,#0000ff,آبی شب پر ستاره‌ای,
Champange Gold,#ffd700,طلایی شامپانژی,
silver,#c0c0c0,نقره‌ای,
Crystal Red,#a7d8de,قرمز کریستالی,
Stainless Steel,#b4bdc7,فولادی ضد زنگی,
Indigo,#4b0082,نیلی,
Silver Diamond,#c0c0c0,نقره‌ای الماسی,
Black Ceramic,#000000,سیاه سرامیکی,
Black & White,#000000,سیاه سفید,
Kinda Blue,#0000ff,آبی یک جور هایی‌ای,
Lilac Gray,#cea2fd,خاکستری بنفشه‌ای,
Black Stone,#000000,سیاه سنگی,
Interstellar Blue,#001155,آبی در میان ستارگانی,
Celestial Silver,#006380,نقره‌ای آسمانی‌ای,
Jewel Blue,#136843,آبی نگینی,
Atomic,#3d4b52,اتمی‌ای,
Placid Blue,#8cadd3,آبی ارامی,
Dark lake,#1b2431,دریاچه تاریکی,
Mocha gold,#9d7651,طلایی موکای,
Anthracite Grey,#373f42,زغالی خاکستری,
Aurora (128/6 GB only),#eddd59,شفق قطبی (فقط 128/6 گیگابایت)ی,
Pearl Gray,#eae0c8,خاکستری مرواریدی,
Sporty Orange,#ffa500,نارنجی ورزشی‌ای,
Jasper Green,#57605a,سبز یاسی,
North Star Blue,#223399,آبی ستاره شمالی‌ای,
Shimmer Gold/Rose,#88c7e9,براق طلای / گل رزی,
White Silver,#ffffff,سفید نقره‌ای,
nebula blue,#a104c3,سحابی آبی,
Winter Mist,#e7fbec,غبار زمستانی‌ای,
Pearl white,#f3f2ed,سفید مرواریدی,
Mirror Lake Green,#00ff00,سبز دریاچه آینه ای‌ای,
Fusion Black,#b0ae26,سیاه ذوبی,
Chrome Black,#000000,سیاه کرومی,
Mint Cream,#f5fffa,نعنایی کرم رنگی,
Mirror Teal,#008080,گل آینه‌ای,
Royal Gold,#e1bc8a,طلایی سلطنتی‌ای,
Cosmic Mocha,#b8b9cb,موکا کیهانی‌ای,
APAC); Black,#000000,سیاه apac)ی,
Pacific Sunrise,#1f595c,طلوع خورشید صلح جوی,
Deep Green,#02590f,سبز عمیقی,
Purist Blue,#0000ff,آبی پاکدامنی,
Black (32/3GB),#000000,سیاه (32/3 گیگابایت)ی,
Iridescent Pearl,#3a5b52,مروارید رنگین کمانی‌ای,
Cross Blue,#0000ff,آبی صلیبی,
Blush,#f29e8e,سرخ,
Rose Gold 42mm,#ff007f,صورتی طلایی 42 میلی متری,
Icelandic Illusion,#dae4ec,توهم ایسلندی‌ای,
Jewelry Green,#00ff00,سبز جواهر سازی‌ای,
Midnight Black 42mm,#03012d,سیاه نیمه شب 42 میلی متری,
Star Wish Red,#ffe500,قرمز آرزوی ستاره ای‌ای,
Rocket Red,#ff0000,قرمز موشکی,
Black Stainless Steel,#000000,سیاه فولادی ضد زنگی,
Arctic Sky,#648589,آسمانی قطب شمالی,
Rose Gold (LATAM),#ff007f,صورتی طلایی (لاتام)ی,
Prestige Gold,#b8a7a0,طلایی اعتباری,
Mirror White,#ffffff,سفید آینه‌ای,
Concrete Grey,#d2d1cd,خاکستری بتنی,
Nightfall Black,#43535e,سیاه شبی,
Spectrum Gold,#ffd700,طلایی طیفی,
Prism Cube White,#aadccd,سفید مکعب منشوری‌ای,
Black Ninja,#000000,سیاه نینجای,
Lime Green,#9fc131,اهکی سبز,
Pine Green,#0a481e,سبز کاجی,
Bold Red,#ff0000,قرمز پررنگی,
Sand gold,#e2ca76,شنی طلایی,
Titanium Blue,#5b798e,تیتانیومی آبی,
Alps Blue,#0000ff,آبی کوه های آلپی,
Liquid Silver,#c0c0c0,نقره‌ای مایعی,
Stunning Black,#000000,سیاه خیره کننده‌ای,
Nordic blue,#1d393c,آبی نوردیکی,
Jewelry Rose,#ff007f,صورتی جواهر سازی‌ای,
gloss steel,#797979,فولادی براق شدنی,
Sunset Pink,#fad6e5,صورتی غروب آفتابی,
Illusion Sky,#ef95ae,آسمانی توهمی,
Aqua Black,#00ffff,سیاه آبزی‌ای,
Player Edition Red,#ff0000,قرمز نسخه پخش کننده‌ای,
Astral Black,#376f89,سیاه اختری‌ای,
Water Blue,#0e87cc,آبی ابی,
Chiffon Pink,#f0f5bb,صورتی نوعی پارچه ابریشمی‌ای,
Deep sea blue,#2a4b5a,آبی عمق دریای,
Vanilla Mint,#f3e5ab,نعنایی وانیلی,
Red (China only),#ff0000,قرمز (فقط چین)ی,
Blade Silver,#c0c0c0,نقره‌ای تیغه‌ای,
Mineral blue,#6d9192,آبی ماده معدنی‌ای,
Silver Gray,#c0c0c0,نقره‌ای خاکستری,
Stellar Purple,#46647e,بنفش ستاره ای‌ای,
Moonlight Blue,#506886,آبی مهتابی,
Midnight Sun,#4e5a6d,آفتاب نیمه شبی,
Frosty White,#ddddd6,سفید یخ زده‌ای,
Mineral Gray,#d7d1c5,خاکستری ماده معدنی‌ای,
Phantom Gray,#6e797b,خاکستری شبحی,
Sword Black,#000000,سیاه شمشیری,
White Knight,#ffffff,سفید شوالیه‌ای,
Liquid Black,#000000,سیاه مایعی,
Dark blue,#305679,آبی تاریکی,
Mesmerising Blue,#0000ff,آبی مسحورکننده‌ای,
Deep Sapphire Blue,#0f52ba,آبی یاقوت کبود عمیقی,
Ice Crystal Blue,#a6e3e0,یخی آبی کریستالی,
Trendy Emerald Green,#028f1e,زمرد سبز مرسوم، مد روزی,
Attractive Black,#000000,سیاه جذابی,
Mirage Black,#373f43,سیاه سرابی,
Midnight black,#03012d,سیاه نیمه شبی,
Nature Green,#7daf94,سبز طبیعتی,
Crown Silver,#c0c0c0,نقره‌ای تاج پادشاهی‌ای,APAC) سیاه
rose gold,#b76e79,صورتی طلایی,
Rose Golden,#ff007f,صورتی طلایی,
Cappuccino Brown,#633f33,رنگ قهوه‌ای کاپوچینوی,
Deep indigo,#4c567a,نیلی عمیقی,
Barbie Pink,#fe46a5,صورتی باربی‌ای,
and Marine Blue,#042e60,آبی و دریایی‌ای,
Modest Green,#00ff00,سبز فروتنی,
Licorice Black,#1a1110,سیاه شیرین بیانی,
Metal Blue,#babfbc,آبی فلزی,
Camouflage,#3c3910,استتاری,
Moonlit Blue,#0000ff,آبی مهتابی‌ای,
Tungsten Gold,#b5ac9f,طلایی تنگستنی,
Angel Gold,#ffd700,طلایی فرشته‌ای,
Dark Violet,#34013f,یاسی تاریکی,
Crystal Pink,#edd0ce,صورتی کریستالی,
Metal Gold,#babfbc,طلایی فلزی,
Stone Blue,#829ca5,آبی سنگی,
Clear White,#ffffff,سفید روشنی,
Soft Gold,#ffd700,طلایی نرمی,
Iceberg Blue,#dae4ee,آبی کوه یخی,
Mercury Gray,#ebebeb,خاکستری سیاره تیری,
Galactic Silver (Fantasy Silver),#c0c0c0,نقره‌ای کهکشانی (نقره ای فانتزی)ی,
Bronze gradient,#a87900,برنزی شیبی,
Breeze Blue,#c2dde6,آبی نسیمی,
Blue Coral,#1b5366,آبی مرجانی,
Frozen White,#ffffff,سفید منجمدی,
Lava Black,#352f36,سیاه گدازه‌ای,
Martian Green,#136c51,سبز مریخی‌ای,
Bronze Pink,#a87900,برنزی صورتی,
Dark Jade,#5c8774,یشمی تاریکی,
Stealth Black,#000000,سیاه یواشکی‌ای,
Black (transparent back),#000000,سیاه (پشت شفاف)ی,
Black onyx,#2b272b,سیاه عقیقی,
Ghost White,#f8f8ff,سفید روحی,
Moon White,#eaf4fc,سفید ماه‌ای,
Dark red,#840000,قرمز تاریکی,
Midnight Ice,#03012d,یخی نیمه شبی,
Petrol Blue,#005f6a,آبی بنزینی,
Silky Red,#ff0000,قرمز ابریشمی‌ای,
Blonde Rose,#dcbd92,صورتی طلایی‌ای,
Nightfall (Anthracite Blue/Gold),#43535e,شب (آنتراسیت آبی / طلایی)ی,
Dawn Orange,#9f9d91,نارنجی سپیده دمی,
Mystic Grey,#d8ddda,خاکستری عارفی,
Thunder Grey,#57534c,خاکستری رعد و برقی,
Ice lake Blue,#d6fffa,یخی آبی دریاچه‌ای,
Urban Violet,#9a0eea,یاسی شهری‌ای,
Lapis Blue,#004b8d,آبی لاجوردی,
Black Steel,#000000,سیاه فولادی,
Green Diamond,#00ff00,سبز الماسی,
Jewelry Blue,#0000ff,آبی جواهر سازی‌ای,
Glacial Silver,#d1dad7,نقره‌ای یخبندانی,
Azure,#007fff,لاجوردی,
Pebble Blue,#9d9880,آبی سنگریزه‌ای,
Nightfall,#43535e,شبی,
Smokey Grey,#808080,خاکستری دودی‌ای,
Power Grey,#a2a4a6,خاکستری قدرتی,
Copper White,#b87333,مسی سفید,
Chrome Blue,#0000ff,آبی کرومی,
Carbon Red,#333333,قرمز کربنی,
Sky Grey,#bcc8c6,آسمانی خاکستری,
Mysterious Blue,#3e7a85,آبی اسرار امیزی,
Misty Violet,#dbd7e4,یاسی مه آلودی,
Glossy Gold,#ffdd77,طلایی براقی,
Fresh Turquoise,#40e0d0,فیروزه‌ای تازه‌ای,
Fresh Orchid,#7a81ff,ارکیده تازه‌ای,
Astro Blue,#0000ff,آبی astroی,
Spring Pink,#dfbcc9,صورتی بهاری,
Cobalt,#030aa7,لاجوردی,
Blue Hawaii,#0000ff,آبی هاوایی‌ای,
Shoal Gold,#ffd700,طلایی شولی,
Amber Bronze,#ffbf00,برنزی کهربای,
Misty Gray,#cdd2d2,خاکستری مه آلودی,
Ice Lake Green,#d6fffa,یخی سبز دریاچه‌ای,
Mirror Gold,#ffd700,طلایی آینه‌ای,
Amber Gold,#c19552,طلایی کهربای,
Storm Black,#444400,سیاه طوفانی,
Titanium Grey Stainless Steel,#807d7f,تیتانیومی خاکستری فولادی ضد زنگی,
Caribbean Blue,#1ac1dd,آبی کارائیبی,
Magenta,#ff00ff,ارغوانی,
Nebula black,#a104c3,سحابی سیاه,
Wine Red,#7b0323,قرمز شرابی,
That Green,#00ff00,سبز که‌ای,
Serene Gold,#dce3e4,طلایی آرامی,
Sorta Sage,#87ae73,مرتبه مریمی,
Fantasy Silver,#f2e6dd,نقره‌ای خیالی‌ای,
Black (Sprint),#000000,سیاه (دو سرعت)ی,
Silver Aluminium,#c0c0c0,نقره‌ای آلومینیومی,
Aqua Teal,#00ffff,آکواریومی,
Hot Pink,#ff028d,صورتی داغی,
Flash Yellow,#ffff00,زرد فلاشی,
Ultraviolet Sunset,#c0514a,غروب ماوراrav بنفشی,
Moonlight Titanium,#f6eed5,تیتانیومی مهتابی,
TitaniumCeramic frame: White,#ffffff,سفید قاب تیتانیومسرامیک:ی,
Stardust Silver,#ddd3ae,نقره‌ای ستاره زایی‌ای,
Star Gray,#ffe500,خاکستری ستاره‌ای,
Traditional Black,#776255,سیاه سنتی‌ای,
Dream Black,#000000,سیاه رویای,
Steel Grey,#43464b,فولادی خاکستری,
Pretty Blue,#0000ff,آبی بسیاری,
Flash Grey,#808080,خاکستری فلاشی,
Dark Amber,#1b2431,عنبر تیره‌ای,
Viva Red,#ff0000,قرمز زنده ماندنی,
Frost Silver,#e1e4c5,نقره‌ای سرمای,
Matte White,#ffffff,سفید ماتی,
Titanium frame: Space Black,#807d7f,تیتانیومی سیاه قاب: فضای,
Black Gold,#000000,سیاه طلایی,
Gold (PVD),#ffd700,طلایی (پی وی سی)ی,
Midnight Purple,#280137,بنفش نیمه شبی,
Turquoise Blue,#00ffef,فیروزه‌ای آبی,
Blue Lagoon,#00626f,آبی تالابی,
Jade,#00a86b,یشمی,
Sapphire gradient,#0f52ba,شیب یاقوت کبودی,
Tulip Purple,#ff878d,بنفش گل لاله‌ای,
Mirror Purple,#800080,بنفش آینه‌ای,
Frost White,#e1e4c5,سفید سرمای,
Soybean Meal,#d2c29d,کنجاله سویای,
Icy White,#bbc7d2,سفید یخی‌ای,
Cool Gray,#96b3b3,خاکستری سردی,
Blush Pink,#ff6fff,سرخ صورتی,
That White,#ffffff,سفید که‌ای,
Purple Haze,#807396,بنفش مه‌ای,
True Black,#000000,سیاه درست است، واقعی‌ای,
Dream Mirror Red,#ff0000,قرمز آینه رویایی‌ای,
Magenta red,#913977,ارغوانی قرمز,
Spectrum Gold (EU/MEA),#ffd700,طلایی طیف (eu / mea)ی,
Venus Pink,#f0e5e5,صورتی سیاره زهره‌ای,
Liquid Mercury,#757a80,جیوه مایع,
Turquoise,#06c2ac,فیروزه‌ای,
Speed Orange,#ffa500,سرعت نارنجی,
Just White,#ffffff,فقط سفید,
Anthracite black,#28282d,زغالی سیاه,
Denim Blue,#2f6479,آبی جین,
Smoky Black,#100c08,دودی سیاه,
Silver purple,#c0c0c0,نقره‌ای بنفش,
Dark Chrome,#1b2431,کروم تاریک,
Misty Blue,#bfcdcc,آبی مه آلود,
Diamond Gray,#faf7e2,خاکستری الماس,
Soft Pink,#fdb0c0,صورتی نرم,
Banana Yellow,#ffe135,زرد موز,
Volcano Black,#4e2728,آتشفشان سیاه,
Sapphire Cyan,#0f52ba,یاقوت کبود,
Dark Green,#033500,سبز تیره,
Cosmic Shine,#b8b9cb,درخشش کیهانی,
Starlight Black (Starry Black),#bcc0cc,ستاره روشن (سیاه ستاره ای),
Deep White,#ffffff,سفید عمیق,
White Pearl,#ede1d1,مروارید سفید,
Metallic Sand,#e2ca76,شن و ماسه فلزی,
Silver Titanium,#c0c0c0,نقره‌ای تیتانیومی,
Prism Bricks Blue,#aadccd,آجرهای منشوری آبی,
Space grey,#110022,خاکستری فضای,
Blue Purple,#5729ce,آبی بنفش,
White Prism,#ffffff,منشور سفید,
Topaz Blue,#d08344,آبی توپاز,
Chocolate Brown,#411900,شکلات قهوه ای,
Viola,#966ebd,ویولا,
Smokey Green,#00ff00,اسموکی گرین,
Red Velvet,#783b38,مخمل قرمز,
Spectrum Gold (LATAM),#ffd700,طلا طیف (LATAM),
Graphite (DLC),#383428,گرافیت (DLC),
Pebble Black,#9d9880,سنگریزه سیاه,
Dynamic Orabge,#6d5160,اورابژ پویا,
Coral Pink,#f88379,مرجانی صورتی,
Baltic Gray,#279d9f,خاکستری بالتیک,
Desert Sand,#edc9af,شن صحرا,
Black Night,#000000,شب سیاه,
Bordo Red,#ff0000,بوردو قرمز,
Spectrum Blue (APAC),#0000ff,طیف آبی (APAC),
Anthracite Gray,#28282d,زغالی خاکستری,
Rubi Red,#ff0000,روبی قرمز,
Silver Mist,#c0c0c0,غبار نقره ای,
Honor Gold,#ffd700,Honor Gold,
Black Titanium,#000000,سیاه تیتانیومی,
Misty Green,#cdd2d2,مه آلود سبز,
Barely Blue,#dde0df,به سختی آبی,
Nebula Gray,#a104c3,سحابی خاکستری,
Black Onyx,#2b272b,سیاه عقیقی,
Black Ice,#4d5051,سیاه یخی,
Ivory,#fffff0,عاج,
Metal Silver,#babfbc,نقره فلزی,
Blue Borealis,#0000ff,آبی بورئالیس,
Black Desire,#000000,آرزوی سیاه,
Ultramarine Green,#006b54,سبز اولترا مارین,
Teal,#008080,چاله,
Smokey Sangria,#b14566,اسموکی سانگریا,
Sky Cyan,#76d6ff,آسمانی فیروزه‌ای,
dark blue,#305679,آبی تاریکی,
Ocean (Deep Bleen),#005493,Ocean (Deep Bleen),
Midnight Frost,#03012d,فراست نیمه شب,
Mocha,#9d7651,موکای,
Twilight Pink,#4e518b,گرگ و میش صورتی,
Prism Bricks Black,#aadccd,سیاه آجرهای منشوری‌ای,
Filber Brown,#653700,رنگ قهوه‌ای الیافی,
Mocha Red,#9d7651,قرمز موکای,
Noir Black,#000000,سیاه نوآری,
Gold Platinum,#ffd700,طلایی پلاتینی,
Quartz Green,#6e7c45,سبز کوارتزی,
Lilac grey,#9896a4,خاکستری بنفشه‌ای,
Sky Black,#76d6ff,آسمانی سیاه,
Light Charcoal,#343837,زغال چوبی سبکی,
Brushed Bronze,#a87900,برنزی مسواک زده‌ای,
Lapland Aurora,#eddd59,شفق قطبی لپ لندی,
Stellar Blue,#9fb5ce,آبی ستاره ای‌ای,
Extraordinary Purple,#800080,بنفش خارق العاده‌ای,
Sapphire Black,#0f52ba,سیاه یاقوت کبودی,
Papaya Orange,#fea166,نارنجی پاپایای,
Titanium Gold,#807d7f,تیتانیومی طلایی,
Ink Black,#252024,سیاه جوهری,
Chrome Pewter,#91a092,اسپند کرومی,
Garnet Red,#733635,قرمز گارنتی,
Glossy Silver,#c0c0c0,نقره‌ای براقی,
Enamel Blue,#007a8e,آبی مینای,